{"val_loss": 1.0022097826004028, "epoch": 0, "batch": 59, "step": 59, "mode": "train", "_timestamp": 1686124898.782812, "_runtime": 36.35007905960083, "_step": 62, "valid_micro_accuracy": 0.8525640964508057, "valid_micro_precision": 0.8525640964508057, "valid_micro_recall": 0.8525640964508057, "valid_micro_f1": 0.8525640964508057, "valid_macro_accuracy": 0.28418803215026855, "valid_macro_precision": 0.3333333432674408, "valid_macro_recall": 0.28418803215026855, "valid_macro_f1": 0.3068050742149353, "train_loss": 0.411221444606781, "_wandb": {"runtime": 36}}