{"val_loss": 1.092315673828125, "epoch": 0, "batch": 19, "step": 19, "mode": "train", "_timestamp": 1686125069.3384466, "_runtime": 46.24968767166138, "_step": 22, "valid_micro_accuracy": 0.50390625, "valid_micro_precision": 0.50390625, "valid_micro_recall": 0.50390625, "valid_micro_f1": 0.50390625, "valid_macro_accuracy": 0.20593661069869995, "valid_macro_precision": 0.3957006335258484, "valid_macro_recall": 0.20593661069869995, "valid_macro_f1": 0.25064557790756226, "train_loss": 0.449783056974411, "_wandb": {"runtime": 49}}